Job title,Company name,Job type,Location
Data Engineer,Babcock International,Full-time,Bristol BS16
Data Analysis Engineer,Capgemini Engineering,Permanent,Bath
Data Analyst/Engineer,Lloyds Banking Group,Full-time,Hove
Senior Data Engineer,EDF Limited,N/A,Exeter
Data Engineer,Redde Northgate plc,Permanent,Remote
Data Engineer,Snap Analytics,Full-time,Bristol BS1
Data Engineer,Watchfinder,N/A,West Malling
Data - Test Engineer,Sogeti,Permanent,London
Principal data engineer,bp,N/A,London
Python Data Engineer (Remote),Veeva Systems,Full-time,Oxford
Software Engineer (Analytics and Data Engineering),Apple,N/A,London
Data Engineer,Leidos,Full-time,Remote
Data Engineer,Places for People,Permanent,Remote
Data Engineer,LegalAndGeneral,Permanent,Barnsley
Data Engineer,tower Hamlets,Full-time,"160 Whitechapel Road, London"
Data Engineer,Digital Waffle,Permanent,Edinburgh
QA Data Engineer,Global Radio Services,Full-time,London
Data Engineer,Jaguar Land Rover,N/A,"Abbey Rd, Coventry"
Senior Data Engineer,Snap Analytics,Full-time,Remote
Data Engineer,Visa,Permanent,London
Data Engineer,OVO Energy,Full-time,London
Senior Data Engineer,AB Agri,Permanent,Remote
Data Engineer - London - UK Health,Hexegic,N/A,London
